,Client ID,Units,Shipping (millions),Total Revenue (millions),Total Cost (millions),Total Profit (millions)
0,24741,239862,5.12644837,82.26889202,45.68889971,36.57999231
2,38378,73667,3.4294553999999997,12.90655087,9.63472098,3.2718298900000002
4,66037,43018,1.3951518500000002,10.25951479,7.004482980000001,3.25503181
3,46820,75768,1.60144884,9.743794359999999,7.007191639999999,2.7366027199999996
1,33615,64313,1.82898489,8.37730852,6.17531391,2.20199461
